order_id,order_date,customer_id,product_id,category,quantity,unit_price,discount,region
O1000,2023-06-24,C118,P048,Books,1,232.12,0.2,West
O1001,2024-12-18,C137,P026,Electronics,5,447.06,0.2,West
O1002,2023-09-12,C194,P009,Toys,2,349.35,0.2,South
O1003,2024-05-22,C200,P005,Electronics,1,286.01,0.05,North
O1004,2023-11-09,C158,P034,Furniture,1,436.42,0.2,West
O1005,2024-10-21,C139,P027,Books,4,412.13,0.15,East
O1006,2024-09-08,C191,P016,Furniture,1,244.04,0.05,West
O1007,2023-05-10,C065,P043,Electronics,2,261.39,0.2,North
O1008,2024-08-10,C106,P015,Toys,5,44.94,0.1,South
O1009,2024-11-18,C146,P042,Electronics,1,340.37,0.0,West
O1010,2023-05-15,C048,P034,Electronics,3,338.56,0.1,North
O1011,2023-03-24,C028,P023,Furniture,3,29.03,0.15,South
O1012,2024-03-15,C005,P014,Toys,5,462.74,0.2,North
O1013,2024-01-27,C115,P018,Electronics,3,417.53,0.2,South
O1014,2023-11-13,C076,P031,Clothing,5,321.91,0.15,West
O1015,2024-03-12,C121,P044,Books,3,10.73,0.15,South
O1016,2024-03-19,C015,P025,Toys,2,47.05,0.0,West
O1017,2023-12-13,C164,P015,Clothing,3,19.71,0.2,East
O1018,2024-04-30,C063,P016,Furniture,1,446.48,0.15,West
O1019,2023-11-30,C100,P012,Furniture,1,66.02,0.15,South
O1020,2024-04-19,C052,P037,Furniture,2,187.17,0.0,North
O1021,2024-11-27,C138,P039,Furniture,4,99.61,0.1,North
O1022,2024-05-04,C122,P037,Electronics,2,252.82,0.05,West
O1023,2023-02-09,C099,P016,Electronics,3,426.17,0.0,South
O1024,2023-11-19,C138,P011,Electronics,3,19.05,0.0,East
O1025,2024-06-03,C035,P038,Toys,3,28.6,0.15,West
O1026,2023-10-16,C078,P040,Clothing,5,359.79,0.0,East
O1027,2024-10-19,C037,P022,Clothing,4,392.86,0.1,West
O1028,2024-06-21,C128,P016,Electronics,2,61.72,0.05,East
O1029,2024-04-15,C091,P029,Furniture,2,430.07,0.15,West
O1030,2024-11-21,C017,P032,Clothing,2,417.35,0.2,East
O1031,2023-11-24,C111,P035,Electronics,5,203.98,0.05,West
O1032,2023-07-24,C085,P048,Furniture,5,430.28,0.1,North
O1033,2023-07-23,C125,P018,Clothing,1,192.3,0.1,West
O1034,2023-06-10,C058,P006,Toys,4,81.32,0.2,South
O1035,2023-02-17,C013,P042,Electronics,1,282.52,0.15,North
O1036,2024-06-17,C027,P026,Toys,2,82.48,0.15,East
O1037,2023-02-10,C126,P022,Furniture,2,433.62,0.2,North
O1038,2023-03-10,C094,P034,Furniture,3,225.46,0.05,South
O1039,2023-10-12,C189,P045,Clothing,4,425.62,0.15,South
O1040,2024-05-12,C032,P030,Books,3,452.02,0.0,West
O1041,2023-12-18,C200,P023,Toys,3,221.64,0.15,North
O1042,2024-03-31,C066,P038,Furniture,4,242.87,0.0,East
O1043,2024-03-03,C021,P050,Toys,4,359.85,0.05,North
O1044,2023-02-27,C093,P047,Furniture,5,251.25,0.05,West
O1045,2023-10-18,C176,P012,Furniture,1,171.23,0.0,North
O1046,2024-11-10,C127,P031,Books,5,499.74,0.0,East
O1047,2023-02-07,C092,P013,Electronics,2,466.87,0.2,South
O1048,2023-06-24,C026,P002,Clothing,1,268.01,0.05,North
O1049,2024-09-10,C103,P017,Books,5,411.11,0.1,North
O1050,2024-05-29,C116,P009,Furniture,4,133.91,0.2,West
O1051,2024-09-12,C157,P013,Books,3,75.51,0.1,South
O1052,2023-10-27,C156,P029,Furniture,1,376.3,0.1,South
O1053,2023-10-14,C134,P027,Electronics,4,386.35,0.05,North
O1054,2023-02-17,C178,P022,Books,2,143.76,0.0,East
O1055,2023-04-01,C093,P007,Books,2,425.65,0.05,East
O1056,2024-06-29,C088,P041,Furniture,2,393.04,0.0,South
O1057,2024-05-07,C143,P008,Electronics,3,239.81,0.15,North
O1058,2024-07-09,C066,P045,Books,4,366.68,0.05,North
O1059,2023-06-23,C164,P016,Furniture,1,275.94,0.0,North
O1060,2024-04-18,C011,P006,Electronics,5,34.14,0.05,East
O1061,2023-07-19,C036,P026,Books,5,317.05,0.15,West
O1062,2024-01-11,C163,P035,Clothing,3,201.32,0.2,North
O1063,2024-05-02,C156,P024,Clothing,4,281.14,0.05,South
O1064,2023-09-19,C023,P040,Toys,5,204.41,0.1,South
O1065,2024-11-01,C170,P025,Clothing,5,384.56,0.15,West
O1066,2024-05-07,C103,P022,Furniture,2,407.88,0.2,South
O1067,2024-03-06,C004,P042,Books,3,428.28,0.05,West
O1068,2024-11-30,C004,P011,Clothing,4,174.5,0.05,East
O1069,2024-05-15,C042,P044,Clothing,4,280.86,0.0,North
O1070,2023-05-30,C165,P007,Toys,1,306.11,0.0,South
O1071,2024-04-07,C054,P015,Toys,1,194.39,0.05,West
O1072,2024-08-26,C161,P029,Clothing,4,338.6,0.0,West
O1073,2024-08-16,C153,P011,Electronics,5,17.84,0.2,East
O1074,2023-12-28,C073,P049,Books,5,36.33,0.15,West
O1075,2024-03-01,C057,P041,Clothing,3,162.94,0.0,North
O1076,2023-01-21,C188,P042,Electronics,1,228.73,0.05,East
O1077,2024-09-12,C183,P018,Books,4,315.11,0.0,West
O1078,2023-05-24,C010,P009,Furniture,4,46.04,0.0,West
O1079,2024-09-19,C015,P015,Books,4,176.63,0.15,West
O1080,2023-03-30,C105,P005,Furniture,5,127.06,0.0,South
O1081,2024-08-30,C123,P028,Clothing,5,339.06,0.0,South
O1082,2024-02-10,C183,P043,Toys,4,68.37,0.05,North
O1083,2023-12-19,C180,P036,Clothing,5,269.21,0.2,East
O1084,2023-10-22,C069,P008,Clothing,2,187.39,0.05,East
O1085,2023-11-25,C119,P001,Books,3,304.55,0.05,West
O1086,2024-01-14,C018,P010,Toys,5,377.46,0.2,North
O1087,2024-04-17,C089,P050,Clothing,2,490.27,0.0,North
O1088,2023-12-27,C053,P050,Clothing,2,201.9,0.0,North
O1089,2024-03-21,C156,P025,Electronics,2,498.82,0.15,South
O1090,2023-02-04,C064,P046,Electronics,4,265.8,0.05,West
O1091,2024-11-10,C070,P023,Toys,2,487.18,0.2,West
O1092,2023-04-26,C024,P049,Electronics,1,226.38,0.1,North
O1093,2023-01-13,C048,P023,Electronics,3,458.74,0.1,East
O1094,2024-11-28,C071,P009,Electronics,1,373.45,0.0,East
O1095,2024-04-16,C124,P020,Clothing,4,386.85,0.1,South
O1096,2023-08-14,C187,P029,Electronics,3,16.13,0.0,South
O1097,2023-08-19,C143,P014,Clothing,5,391.44,0.15,West
O1098,2024-10-06,C121,P006,Clothing,3,306.56,0.1,West
O1099,2023-05-17,C032,P025,Furniture,3,452.94,0.1,North
O1100,2024-04-07,C092,P029,Toys,1,335.72,0.0,North
O1101,2023-03-29,C132,P025,Electronics,4,245.0,0.05,South
O1102,2024-06-22,C031,P024,Electronics,1,359.82,0.0,West
O1103,2024-12-24,C187,P050,Electronics,3,439.62,0.0,North
O1104,2024-01-20,C199,P050,Books,5,350.58,0.05,East
O1105,2024-09-18,C045,P028,Books,3,367.04,0.1,North
O1106,2024-01-02,C189,P002,Electronics,4,262.12,0.0,East
O1107,2023-05-15,C072,P016,Furniture,3,244.04,0.1,North
O1108,2023-05-18,C069,P011,Books,4,468.19,0.0,East
O1109,2023-06-04,C043,P025,Books,2,296.31,0.15,West
O1110,2023-03-18,C121,P049,Furniture,1,335.09,0.1,South
O1111,2023-01-01,C048,P050,Clothing,1,363.33,0.1,South
O1112,2023-02-06,C097,P035,Electronics,2,341.41,0.05,South
O1113,2024-08-05,C166,P038,Books,1,335.59,0.05,West
O1114,2024-07-09,C076,P027,Toys,3,310.62,0.1,East
O1115,2023-12-28,C126,P050,Toys,4,364.24,0.2,North
O1116,2024-09-25,C060,P025,Furniture,2,257.18,0.0,South
O1117,2023-09-26,C043,P010,Toys,2,489.37,0.1,East
O1118,2024-04-20,C008,P049,Clothing,5,423.52,0.15,East
O1119,2024-11-04,C060,P032,Electronics,5,485.75,0.1,North
O1120,2024-08-19,C177,P002,Furniture,5,349.04,0.0,South
O1121,2023-11-19,C042,P025,Books,2,183.76,0.05,East
O1122,2023-01-07,C050,P035,Furniture,2,341.5,0.15,West
O1123,2023-12-24,C094,P035,Furniture,3,158.23,0.0,West
O1124,2023-04-01,C057,P003,Furniture,3,444.71,0.05,East
O1125,2023-05-23,C047,P002,Toys,3,289.14,0.1,South
O1126,2024-10-08,C158,P035,Toys,1,386.24,0.2,West
O1127,2024-06-25,C016,P031,Furniture,4,61.7,0.05,North
O1128,2024-12-05,C027,P028,Toys,5,40.31,0.2,North
O1129,2024-12-25,C131,P016,Books,1,32.62,0.0,South
O1130,2023-04-29,C099,P045,Clothing,2,244.76,0.2,East
O1131,2023-04-09,C164,P009,Toys,5,481.5,0.05,West
O1132,2023-01-09,C134,P001,Furniture,4,145.97,0.15,West
O1133,2023-12-30,C013,P005,Clothing,5,427.51,0.2,South
O1134,2024-01-24,C031,P005,Toys,5,85.02,0.05,South
O1135,2024-07-19,C128,P024,Toys,1,114.9,0.15,South
O1136,2024-02-03,C018,P047,Electronics,4,31.38,0.0,East
O1137,2024-09-28,C007,P034,Furniture,3,423.29,0.0,West
O1138,2023-02-04,C199,P048,Furniture,5,445.75,0.1,East
O1139,2023-03-24,C069,P030,Clothing,3,481.64,0.2,East
O1140,2024-04-25,C001,P004,Clothing,5,27.18,0.0,West
O1141,2024-02-04,C151,P037,Toys,5,405.88,0.2,South
O1142,2024-05-30,C008,P039,Furniture,1,349.04,0.15,West
O1143,2024-09-23,C180,P023,Books,4,205.04,0.0,East
O1144,2023-01-25,C116,P043,Books,1,374.45,0.2,East
O1145,2024-10-02,C127,P029,Toys,1,262.59,0.15,North
O1146,2023-08-14,C027,P018,Books,2,293.51,0.0,East
O1147,2023-05-06,C011,P023,Books,2,323.96,0.05,North
O1148,2023-12-23,C056,P045,Clothing,4,333.19,0.0,South
O1149,2023-04-04,C140,P013,Clothing,1,268.07,0.2,West
O1150,2023-07-03,C164,P034,Toys,2,19.79,0.2,North
O1151,2024-11-16,C084,P046,Furniture,4,75.8,0.2,West
O1152,2024-05-29,C159,P048,Books,3,412.61,0.15,South
O1153,2024-10-02,C076,P048,Electronics,2,302.11,0.15,West
O1154,2023-12-13,C031,P047,Electronics,2,182.24,0.2,South
O1155,2024-10-29,C181,P005,Electronics,4,486.59,0.0,West
O1156,2024-05-28,C180,P050,Electronics,2,90.55,0.0,West
O1157,2023-05-01,C121,P024,Clothing,1,175.63,0.2,North
O1158,2024-11-04,C009,P042,Furniture,3,46.38,0.15,South
O1159,2024-11-05,C030,P045,Electronics,4,50.74,0.1,North
O1160,2023-11-12,C060,P015,Clothing,1,295.12,0.15,North
O1161,2023-03-04,C132,P027,Toys,5,348.23,0.0,South
O1162,2024-05-03,C035,P014,Furniture,2,65.13,0.1,South
O1163,2023-04-22,C155,P040,Clothing,1,73.86,0.2,South
O1164,2023-06-10,C032,P011,Toys,3,449.02,0.1,South
O1165,2023-01-05,C193,P043,Electronics,5,168.1,0.2,East
O1166,2023-10-26,C027,P042,Furniture,1,148.17,0.1,North
O1167,2024-08-06,C127,P002,Toys,3,211.76,0.15,North
O1168,2023-07-23,C097,P043,Clothing,4,13.2,0.0,South
O1169,2024-11-23,C088,P036,Electronics,5,256.23,0.1,North
O1170,2024-02-05,C079,P038,Toys,3,390.66,0.15,East
O1171,2024-07-27,C018,P004,Furniture,5,232.8,0.0,East
O1172,2023-12-07,C088,P049,Furniture,1,416.68,0.2,East
O1173,2024-10-16,C043,P042,Toys,4,108.15,0.05,South
O1174,2023-09-04,C012,P015,Electronics,3,355.37,0.05,West
O1175,2024-02-19,C011,P048,Books,2,475.28,0.15,South
O1176,2024-07-06,C175,P019,Toys,4,284.99,0.0,South
O1177,2024-01-14,C039,P032,Toys,4,458.61,0.05,North
O1178,2023-06-23,C081,P050,Electronics,2,249.54,0.1,East
O1179,2023-02-19,C063,P027,Toys,2,155.22,0.2,North
O1180,2024-06-10,C091,P046,Books,4,314.66,0.15,North
O1181,2024-03-21,C163,P017,Furniture,3,222.3,0.15,East
O1182,2023-09-25,C168,P025,Furniture,5,87.18,0.2,North
O1183,2024-09-27,C019,P002,Clothing,1,210.76,0.0,West
O1184,2023-05-23,C159,P003,Furniture,2,449.93,0.05,South
O1185,2023-05-23,C037,P006,Clothing,4,452.14,0.1,South
O1186,2024-12-16,C044,P024,Furniture,5,242.11,0.15,East
O1187,2023-05-08,C036,P003,Furniture,5,313.04,0.05,West
O1188,2024-06-24,C049,P038,Clothing,5,297.25,0.1,North
O1189,2024-11-09,C040,P008,Toys,5,155.2,0.1,South
O1190,2024-08-27,C167,P003,Toys,2,123.44,0.15,West
O1191,2024-01-16,C133,P045,Books,3,462.16,0.0,West
O1192,2024-03-24,C083,P050,Books,3,228.15,0.15,South
O1193,2023-02-22,C082,P025,Books,5,281.18,0.2,East
O1194,2024-04-17,C146,P043,Toys,4,421.04,0.0,East
O1195,2023-09-27,C132,P015,Clothing,5,192.28,0.2,South
O1196,2024-02-03,C125,P049,Books,5,426.96,0.2,East
O1197,2024-07-29,C136,P044,Clothing,5,280.86,0.15,West
O1198,2023-02-17,C044,P024,Toys,1,281.13,0.2,West
O1199,2023-11-24,C002,P040,Toys,4,345.91,0.2,West
O1200,2024-10-30,C065,P048,Clothing,5,421.41,0.15,North
O1201,2023-01-28,C045,P002,Toys,5,92.78,0.15,North
O1202,2023-11-04,C182,P032,Electronics,2,346.42,0.15,North
O1203,2024-05-22,C013,P036,Electronics,3,44.28,0.0,North
O1204,2023-03-04,C112,P016,Books,3,148.94,0.15,South
O1205,2023-06-26,C117,P026,Clothing,5,175.59,0.15,South
O1206,2024-03-15,C074,P041,Electronics,5,460.06,0.2,South
O1207,2023-09-22,C188,P028,Books,2,236.73,0.2,North
O1208,2023-08-05,C191,P019,Electronics,1,431.77,0.15,South
O1209,2023-10-14,C140,P034,Books,5,42.32,0.2,East
O1210,2024-03-08,C194,P020,Electronics,3,239.68,0.05,South
O1211,2023-08-26,C099,P001,Books,1,496.87,0.2,East
O1212,2024-11-15,C003,P009,Furniture,2,252.4,0.0,North
O1213,2024-02-14,C153,P049,Electronics,2,242.52,0.15,North
O1214,2024-01-04,C086,P002,Electronics,1,158.74,0.0,North
O1215,2024-04-02,C024,P023,Electronics,4,370.98,0.1,North
O1216,2023-09-01,C025,P003,Furniture,2,130.28,0.05,East
O1217,2023-03-18,C053,P027,Toys,2,93.0,0.1,West
O1218,2024-05-05,C117,P038,Toys,2,407.91,0.1,East
O1219,2024-05-06,C023,P033,Clothing,3,237.0,0.1,South
O1220,2023-01-03,C188,P003,Books,3,397.02,0.1,North
O1221,2024-12-01,C018,P002,Clothing,3,94.93,0.05,West
O1222,2023-03-04,C014,P047,Books,3,225.84,0.15,South
O1223,2023-07-13,C187,P036,Furniture,2,118.12,0.05,South
O1224,2024-02-19,C021,P022,Clothing,4,445.69,0.05,East
O1225,2023-06-30,C069,P027,Electronics,1,31.36,0.2,East
O1226,2023-03-02,C018,P019,Toys,2,206.88,0.1,East
O1227,2023-05-31,C103,P048,Furniture,1,496.27,0.05,East
O1228,2023-05-09,C181,P021,Furniture,1,327.74,0.15,North
O1229,2023-06-09,C085,P033,Clothing,1,497.0,0.05,North
O1230,2024-06-28,C106,P030,Toys,1,52.88,0.0,South
O1231,2023-12-01,C023,P030,Electronics,4,412.62,0.15,West
O1232,2023-04-04,C137,P006,Books,4,52.37,0.2,East
O1233,2024-10-01,C120,P003,Electronics,1,39.59,0.1,East
O1234,2024-03-02,C032,P020,Clothing,4,434.93,0.1,South
O1235,2024-01-30,C116,P008,Books,1,236.57,0.05,South
O1236,2024-06-11,C153,P005,Clothing,3,463.21,0.05,South
O1237,2024-05-06,C166,P002,Clothing,1,28.14,0.05,East
O1238,2024-01-18,C093,P017,Toys,5,172.91,0.2,North
O1239,2024-03-03,C098,P037,Toys,1,27.03,0.2,West
O1240,2024-12-25,C064,P012,Toys,3,76.89,0.05,East
O1241,2024-03-04,C155,P043,Clothing,5,115.35,0.15,West
O1242,2023-03-29,C024,P013,Clothing,5,455.48,0.0,West
O1243,2024-08-14,C050,P034,Electronics,2,173.03,0.0,South
O1244,2023-04-12,C045,P047,Furniture,2,38.36,0.2,North
O1245,2024-01-02,C064,P041,Furniture,4,375.58,0.15,South
O1246,2023-11-16,C199,P036,Toys,4,383.04,0.15,South
O1247,2024-04-18,C034,P028,Books,5,496.66,0.1,East
O1248,2024-04-18,C110,P008,Furniture,5,342.12,0.1,East
O1249,2023-11-10,C004,P011,Toys,4,139.68,0.15,West
O1250,2024-03-17,C106,P025,Electronics,1,35.52,0.2,South
O1251,2024-09-01,C090,P047,Furniture,2,24.05,0.0,South
O1252,2023-05-25,C100,P045,Clothing,1,50.39,0.2,North
O1253,2023-03-23,C089,P032,Clothing,4,86.4,0.2,South
O1254,2023-05-26,C028,P032,Toys,4,432.88,0.0,West
O1255,2024-05-12,C138,P024,Furniture,4,268.13,0.05,North
O1256,2024-08-26,C065,P028,Books,5,133.36,0.2,East
O1257,2024-10-31,C074,P046,Clothing,4,33.98,0.05,West
O1258,2024-03-09,C119,P013,Books,4,201.57,0.2,North
O1259,2023-07-05,C136,P046,Toys,2,480.88,0.15,East
O1260,2023-05-23,C166,P034,Electronics,1,22.9,0.15,South
O1261,2024-09-12,C169,P005,Toys,4,91.58,0.15,East
O1262,2023-06-13,C187,P030,Electronics,1,271.87,0.15,South
O1263,2023-05-02,C082,P013,Books,3,291.15,0.0,North
O1264,2024-03-03,C126,P047,Toys,5,107.76,0.05,East
O1265,2024-12-26,C060,P011,Books,5,241.57,0.05,West
O1266,2024-08-19,C123,P007,Books,2,30.0,0.05,East
O1267,2023-04-02,C082,P046,Toys,5,449.88,0.1,South
O1268,2023-05-21,C021,P012,Books,3,257.37,0.1,East
O1269,2024-11-19,C085,P039,Electronics,2,395.97,0.0,East
O1270,2024-11-09,C183,P006,Books,4,190.53,0.1,South
O1271,2023-07-30,C126,P045,Furniture,4,290.43,0.1,North
O1272,2024-12-10,C009,P020,Furniture,3,208.71,0.05,North
O1273,2024-03-09,C060,P049,Electronics,1,246.4,0.1,West
O1274,2023-06-23,C120,P029,Furniture,2,452.15,0.0,South
O1275,2024-03-29,C087,P043,Toys,5,115.28,0.15,East
O1276,2024-12-04,C004,P047,Electronics,1,336.8,0.15,North
O1277,2024-05-25,C155,P037,Electronics,1,272.03,0.05,South
O1278,2024-07-03,C086,P050,Books,5,257.66,0.15,North
O1279,2023-04-12,C036,P028,Furniture,1,407.53,0.05,North
O1280,2023-06-15,C075,P012,Books,4,111.68,0.05,North
O1281,2024-10-13,C153,P028,Books,1,313.27,0.1,East
O1282,2024-04-28,C131,P035,Toys,3,217.81,0.05,East
O1283,2023-07-23,C052,P006,Electronics,3,93.73,0.1,West
O1284,2023-05-04,C123,P042,Books,4,340.35,0.1,East
O1285,2023-09-13,C050,P038,Clothing,3,91.0,0.15,West
O1286,2024-03-23,C073,P013,Toys,2,476.68,0.15,East
O1287,2024-03-18,C103,P050,Books,2,325.04,0.0,West
O1288,2023-08-14,C109,P047,Toys,5,255.78,0.05,West
O1289,2023-09-16,C188,P019,Clothing,2,324.34,0.0,South
O1290,2024-05-14,C053,P016,Clothing,5,463.5,0.05,North
O1291,2024-11-01,C128,P036,Electronics,3,207.94,0.15,West
O1292,2023-06-11,C049,P017,Toys,1,308.07,0.2,West
O1293,2024-11-24,C129,P021,Electronics,1,108.42,0.15,North
O1294,2023-10-08,C029,P027,Books,4,155.34,0.1,South
O1295,2024-05-26,C017,P006,Books,4,339.92,0.05,North
O1296,2024-06-07,C146,P014,Toys,1,108.0,0.1,West
O1297,2023-11-16,C120,P015,Furniture,3,137.33,0.15,West
O1298,2024-07-23,C138,P028,Clothing,2,372.61,0.15,South
O1299,2024-01-05,C041,P026,Clothing,4,155.82,0.15,East
O1300,2023-10-26,C135,P033,Toys,1,82.03,0.0,East
O1301,2023-11-01,C171,P020,Electronics,2,428.12,0.15,North
O1302,2023-11-19,C106,P006,Toys,4,243.77,0.0,North
O1303,2023-04-12,C100,P024,Furniture,5,445.78,0.15,South
O1304,2023-06-16,C131,P038,Toys,2,426.6,0.0,East
O1305,2023-12-11,C059,P007,Clothing,4,181.89,0.0,West
O1306,2023-11-04,C001,P010,Books,5,68.71,0.0,South
O1307,2023-12-19,C177,P021,Books,4,206.64,0.0,West
O1308,2023-08-06,C028,P044,Toys,3,149.9,0.05,South
O1309,2024-03-01,C179,P003,Electronics,2,150.77,0.05,North
O1310,2023-06-08,C116,P031,Electronics,4,232.24,0.05,North
O1311,2023-05-14,C159,P012,Books,2,320.92,0.0,North
O1312,2023-03-06,C132,P012,Books,5,491.35,0.1,South
O1313,2024-10-01,C050,P023,Furniture,4,439.15,0.0,North
O1314,2024-03-30,C110,P046,Electronics,4,26.4,0.1,West
O1315,2024-07-30,C159,P011,Clothing,5,189.27,0.15,North
O1316,2023-06-19,C013,P049,Books,4,222.84,0.1,East
O1317,2023-05-07,C126,P027,Electronics,5,131.91,0.05,West
O1318,2024-06-16,C003,P021,Books,3,453.16,0.1,West
O1319,2024-05-19,C183,P010,Furniture,4,125.49,0.05,North
O1320,2023-04-08,C200,P033,Clothing,4,110.07,0.0,South
O1321,2024-10-04,C200,P013,Furniture,2,380.37,0.1,North
O1322,2024-01-29,C171,P042,Books,5,273.81,0.1,West
O1323,2024-03-06,C077,P036,Books,1,397.31,0.05,South
O1324,2023-02-22,C052,P033,Toys,1,444.23,0.2,West
O1325,2024-11-26,C137,P049,Furniture,4,403.98,0.05,East
O1326,2024-02-16,C168,P009,Electronics,5,391.85,0.1,West
O1327,2023-06-03,C147,P023,Furniture,3,428.37,0.05,South
O1328,2024-09-04,C069,P050,Toys,5,153.18,0.1,South
O1329,2024-02-25,C192,P048,Furniture,1,499.75,0.15,North
O1330,2024-05-08,C121,P016,Books,4,357.09,0.15,East
O1331,2023-05-13,C130,P028,Furniture,4,246.43,0.2,North
O1332,2024-12-24,C153,P028,Furniture,5,187.78,0.15,West
O1333,2023-02-09,C073,P041,Books,5,170.36,0.0,East
O1334,2024-05-11,C155,P038,Clothing,4,41.13,0.05,East
O1335,2023-09-29,C023,P029,Books,5,120.9,0.2,West
O1336,2023-03-19,C086,P035,Electronics,4,18.41,0.05,West
O1337,2024-09-27,C172,P020,Books,1,471.0,0.2,South
O1338,2023-12-22,C124,P043,Toys,5,44.12,0.1,West
O1339,2023-09-14,C024,P009,Furniture,5,85.94,0.15,North
O1340,2023-10-16,C177,P042,Furniture,4,492.36,0.0,West
O1341,2024-06-20,C107,P019,Electronics,4,239.05,0.2,West
O1342,2024-01-04,C135,P028,Clothing,3,220.88,0.0,North
O1343,2023-01-15,C024,P030,Books,5,30.25,0.05,North
O1344,2023-03-17,C147,P037,Books,4,214.65,0.0,South
O1345,2023-04-29,C116,P002,Books,4,202.88,0.0,West
O1346,2023-03-11,C020,P014,Books,5,197.36,0.2,North
O1347,2024-07-11,C185,P002,Toys,5,244.01,0.2,West
O1348,2024-06-22,C086,P021,Furniture,1,18.21,0.2,East
O1349,2023-08-27,C085,P046,Books,4,494.39,0.2,North
O1350,2023-10-13,C140,P033,Books,5,192.82,0.1,South
O1351,2023-10-18,C079,P005,Furniture,2,457.12,0.0,West
O1352,2023-05-30,C013,P020,Toys,5,121.03,0.2,North
O1353,2023-03-01,C076,P046,Toys,3,146.53,0.05,West
O1354,2024-12-22,C076,P029,Books,2,491.24,0.0,East
O1355,2024-03-03,C044,P031,Electronics,4,53.69,0.15,West
O1356,2024-10-02,C185,P028,Books,5,430.98,0.05,West
O1357,2024-08-01,C126,P009,Books,5,218.5,0.2,North
O1358,2023-06-03,C083,P030,Furniture,1,174.02,0.1,North
O1359,2023-09-18,C140,P049,Furniture,2,116.17,0.15,East
O1360,2024-03-23,C158,P005,Books,3,362.91,0.2,West
O1361,2023-05-13,C022,P023,Books,5,141.08,0.1,North
O1362,2024-06-01,C069,P021,Toys,1,170.65,0.0,North
O1363,2023-07-27,C023,P037,Toys,3,107.11,0.0,West
O1364,2024-12-02,C094,P016,Electronics,2,72.79,0.05,West
O1365,2024-06-06,C071,P023,Clothing,2,14.98,0.1,South
O1366,2024-05-26,C060,P015,Electronics,5,308.44,0.1,North
O1367,2023-05-01,C015,P005,Toys,2,116.97,0.1,North
O1368,2023-08-15,C070,P018,Electronics,2,421.57,0.15,East
O1369,2024-05-24,C083,P014,Electronics,4,118.71,0.2,East
O1370,2024-02-22,C088,P042,Furniture,3,396.36,0.2,East
O1371,2023-04-19,C117,P047,Furniture,1,186.2,0.0,North
O1372,2024-06-02,C018,P048,Clothing,2,496.96,0.1,West
O1373,2023-11-14,C036,P028,Clothing,3,406.2,0.2,North
O1374,2024-05-27,C118,P009,Clothing,3,373.27,0.05,South
O1375,2023-01-23,C021,P041,Books,1,380.09,0.1,West
O1376,2023-07-03,C110,P029,Clothing,2,498.19,0.1,South
O1377,2024-06-13,C101,P021,Electronics,5,382.76,0.1,East
O1378,2023-09-07,C184,P038,Clothing,4,484.39,0.05,South
O1379,2024-07-12,C170,P004,Books,3,22.45,0.1,North
O1380,2023-10-13,C200,P050,Toys,2,115.7,0.05,East
O1381,2024-04-20,C200,P031,Furniture,2,94.16,0.15,East
O1382,2023-03-16,C085,P001,Furniture,2,125.67,0.05,East
O1383,2023-04-14,C065,P043,Electronics,5,77.96,0.1,West
O1384,2023-02-15,C190,P015,Books,4,248.31,0.05,West
O1385,2023-06-08,C100,P046,Electronics,2,444.12,0.05,West
O1386,2023-07-31,C186,P001,Furniture,2,441.02,0.2,West
O1387,2024-10-19,C041,P018,Clothing,4,317.64,0.05,North
O1388,2023-09-11,C200,P009,Toys,3,402.6,0.0,North
O1389,2023-04-05,C108,P002,Toys,2,214.0,0.2,South
O1390,2024-05-20,C028,P018,Toys,1,150.54,0.05,North
O1391,2023-06-08,C200,P049,Clothing,3,214.54,0.05,North
O1392,2023-11-09,C153,P014,Furniture,3,283.8,0.0,East
O1393,2023-01-20,C181,P004,Electronics,3,310.27,0.2,North
O1394,2023-01-08,C182,P006,Books,5,24.85,0.2,East
O1395,2023-07-12,C099,P018,Clothing,2,250.11,0.2,West
O1396,2023-05-22,C192,P025,Toys,3,127.08,0.15,South
O1397,2023-10-04,C138,P041,Furniture,3,47.64,0.05,East
O1398,2024-06-13,C117,P038,Clothing,5,421.22,0.2,West
O1399,2023-05-04,C067,P036,Toys,3,87.31,0.0,South
O1400,2023-06-13,C182,P023,Books,3,32.63,0.0,East
O1401,2024-11-04,C147,P032,Clothing,4,355.65,0.15,South
O1402,2023-01-06,C164,P037,Books,5,332.49,0.05,North
O1403,2023-10-09,C072,P031,Clothing,3,297.72,0.15,South
O1404,2023-12-09,C135,P029,Clothing,3,218.36,0.0,West
O1405,2023-08-14,C050,P040,Toys,4,355.56,0.0,South
O1406,2023-08-14,C186,P033,Clothing,2,276.94,0.1,North
O1407,2023-01-29,C004,P030,Clothing,3,158.28,0.05,West
O1408,2023-08-07,C195,P040,Clothing,1,343.79,0.05,North
O1409,2024-12-18,C103,P005,Books,1,158.1,0.0,West
O1410,2023-12-25,C108,P040,Toys,2,21.66,0.1,South
O1411,2023-09-29,C034,P003,Electronics,3,137.09,0.0,West
O1412,2024-05-21,C098,P001,Toys,5,187.72,0.05,East
O1413,2023-06-19,C082,P035,Electronics,3,138.05,0.0,West
O1414,2023-05-25,C032,P015,Electronics,5,73.31,0.1,North
O1415,2024-07-24,C079,P029,Furniture,4,189.01,0.05,North
O1416,2024-10-13,C144,P030,Electronics,4,89.78,0.05,West
O1417,2023-09-07,C176,P015,Toys,5,46.25,0.0,East
O1418,2023-10-19,C161,P027,Furniture,1,76.2,0.2,East
O1419,2024-02-03,C140,P035,Toys,4,346.0,0.05,North
O1420,2023-04-09,C049,P013,Furniture,2,404.02,0.05,East
O1421,2023-12-19,C020,P024,Electronics,2,131.11,0.0,West
O1422,2024-11-08,C148,P033,Furniture,1,393.67,0.2,North
O1423,2024-05-17,C028,P037,Books,1,449.68,0.2,North
O1424,2024-03-31,C156,P004,Clothing,1,288.51,0.1,South
O1425,2024-06-07,C041,P003,Clothing,5,480.88,0.2,West
O1426,2024-08-27,C104,P017,Furniture,3,241.66,0.2,South
O1427,2023-04-30,C127,P001,Furniture,2,105.71,0.1,North
O1428,2024-04-01,C110,P012,Clothing,2,439.63,0.2,South
O1429,2024-06-19,C058,P050,Electronics,3,16.71,0.05,East
O1430,2024-11-21,C156,P026,Clothing,4,328.99,0.05,East
O1431,2024-08-21,C056,P028,Toys,4,484.65,0.0,South
O1432,2023-10-25,C072,P034,Toys,1,346.45,0.15,North
O1433,2024-02-08,C095,P007,Toys,3,480.59,0.0,South
O1434,2024-11-11,C063,P026,Books,4,487.87,0.05,East
O1435,2023-01-20,C177,P033,Electronics,5,164.99,0.0,South
O1436,2023-05-19,C003,P027,Books,5,242.96,0.15,South
O1437,2024-07-04,C083,P019,Toys,5,197.61,0.0,South
O1438,2023-04-28,C095,P013,Electronics,5,172.83,0.0,West
O1439,2024-09-24,C119,P013,Electronics,2,194.56,0.1,South
O1440,2023-07-29,C194,P021,Furniture,3,496.65,0.0,North
O1441,2023-09-16,C068,P050,Furniture,1,436.29,0.0,North
O1442,2024-07-24,C194,P008,Electronics,2,109.89,0.0,South
O1443,2024-08-29,C005,P006,Electronics,3,278.36,0.1,West
O1444,2023-12-05,C165,P024,Electronics,1,110.84,0.2,North
O1445,2023-06-19,C174,P008,Electronics,1,119.99,0.0,North
O1446,2024-05-05,C013,P013,Books,1,105.79,0.05,South
O1447,2024-02-21,C167,P046,Books,2,113.75,0.2,South
O1448,2024-02-23,C065,P011,Toys,2,151.23,0.15,East
O1449,2023-05-16,C190,P045,Furniture,4,444.8,0.0,North
O1450,2024-09-10,C028,P017,Toys,2,434.92,0.2,North
O1451,2023-10-26,C052,P003,Clothing,4,328.84,0.2,East
O1452,2023-01-14,C120,P026,Toys,2,127.78,0.0,North
O1453,2023-05-03,C117,P038,Toys,3,54.02,0.0,West
O1454,2023-06-19,C075,P037,Books,3,318.48,0.05,East
O1455,2023-10-26,C180,P035,Furniture,5,65.79,0.0,North
O1456,2024-03-22,C081,P031,Electronics,1,485.38,0.05,West
O1457,2023-12-26,C159,P037,Electronics,2,170.39,0.15,East
O1458,2023-06-25,C085,P013,Clothing,1,142.43,0.15,North
O1459,2023-05-28,C081,P002,Electronics,1,197.25,0.05,East
O1460,2024-09-23,C014,P008,Clothing,2,167.1,0.1,South
O1461,2024-06-25,C188,P013,Furniture,1,231.46,0.1,South
O1462,2023-06-15,C076,P035,Toys,3,233.99,0.05,North
O1463,2023-06-03,C140,P049,Clothing,4,203.93,0.2,South
O1464,2024-10-17,C177,P015,Clothing,2,442.74,0.0,North
O1465,2024-02-29,C198,P007,Electronics,3,356.5,0.1,East
O1466,2023-07-16,C054,P010,Electronics,4,420.15,0.1,East
O1467,2024-03-29,C046,P030,Clothing,5,146.66,0.0,East
O1468,2023-10-12,C115,P050,Clothing,1,379.23,0.0,East
O1469,2023-07-17,C153,P014,Electronics,3,232.61,0.1,West
O1470,2024-07-30,C073,P046,Electronics,4,237.02,0.2,North
O1471,2024-06-24,C081,P018,Toys,5,476.93,0.1,West
O1472,2024-08-14,C076,P035,Books,2,459.12,0.2,West
O1473,2024-12-20,C090,P034,Books,2,285.75,0.05,West
O1474,2024-05-27,C127,P050,Electronics,4,213.9,0.2,North
O1475,2023-10-29,C036,P029,Furniture,1,132.13,0.1,South
O1476,2024-07-12,C018,P018,Electronics,1,233.52,0.2,West
O1477,2023-01-18,C024,P028,Books,4,281.14,0.1,South
O1478,2024-01-16,C173,P036,Furniture,1,498.27,0.1,East
O1479,2023-10-17,C165,P002,Clothing,5,488.31,0.15,East
O1480,2023-04-14,C100,P025,Books,2,117.06,0.0,East
O1481,2024-05-31,C093,P044,Toys,5,27.22,0.15,East
O1482,2024-03-30,C173,P015,Toys,4,422.18,0.05,East
O1483,2024-02-02,C178,P028,Electronics,1,357.94,0.0,East
O1484,2024-08-14,C023,P026,Electronics,3,479.07,0.0,East
O1485,2024-08-29,C185,P006,Clothing,3,108.11,0.0,East
O1486,2024-05-05,C135,P006,Toys,3,204.86,0.1,West
O1487,2024-01-16,C130,P012,Clothing,1,28.11,0.1,South
O1488,2023-05-12,C116,P016,Books,5,117.28,0.15,North
O1489,2024-10-11,C093,P009,Electronics,4,163.01,0.0,South
O1490,2024-02-29,C118,P014,Toys,3,241.19,0.1,South
O1491,2023-08-03,C088,P029,Clothing,2,264.39,0.2,West
O1492,2023-09-03,C028,P006,Clothing,4,266.69,0.1,North
O1493,2024-03-05,C151,P024,Electronics,4,362.89,0.05,East
O1494,2024-12-25,C143,P050,Clothing,4,422.95,0.05,South
O1495,2023-10-03,C157,P027,Furniture,2,198.95,0.15,North
O1496,2024-06-06,C125,P013,Furniture,4,243.76,0.2,East
O1497,2023-02-19,C159,P027,Books,3,142.6,0.0,West
O1498,2023-01-05,C182,P015,Furniture,3,308.48,0.0,East
O1499,2023-04-22,C167,P028,Books,2,377.94,0.05,South
O1500,2023-05-26,C020,P020,Toys,5,39.16,0.2,East
O1501,2023-04-17,C051,P015,Furniture,3,32.85,0.15,East
O1502,2024-11-17,C033,P026,Books,3,187.51,0.15,South
O1503,2024-02-06,C196,P020,Clothing,5,94.09,0.0,South
O1504,2024-04-12,C115,P032,Furniture,4,496.29,0.0,East
O1505,2024-03-27,C158,P012,Books,3,111.88,0.0,South
O1506,2024-06-22,C168,P012,Furniture,5,289.96,0.2,West
O1507,2023-08-04,C074,P039,Electronics,5,305.71,0.15,South
O1508,2023-09-28,C086,P047,Clothing,3,481.36,0.15,North
O1509,2023-02-25,C003,P036,Clothing,1,447.42,0.1,South
O1510,2024-06-22,C066,P036,Furniture,3,267.19,0.0,South
O1511,2024-12-08,C133,P007,Toys,2,229.74,0.15,North
O1512,2024-06-07,C034,P047,Books,4,497.14,0.2,South
O1513,2023-08-24,C118,P047,Books,5,99.1,0.0,North
O1514,2023-01-20,C116,P012,Books,1,486.66,0.05,West
O1515,2023-07-30,C087,P019,Clothing,5,335.47,0.15,South
O1516,2024-07-14,C064,P026,Furniture,1,236.22,0.05,South
O1517,2023-01-13,C171,P025,Toys,4,243.61,0.15,West
O1518,2024-11-29,C140,P036,Furniture,4,395.64,0.05,West
O1519,2024-05-14,C014,P029,Furniture,4,286.63,0.2,South
O1520,2023-02-10,C104,P040,Electronics,2,477.29,0.1,North
O1521,2023-05-20,C073,P016,Toys,1,371.55,0.1,East
O1522,2024-01-04,C096,P046,Toys,3,404.12,0.15,West
O1523,2024-11-26,C050,P044,Electronics,3,23.86,0.15,West
O1524,2023-09-19,C167,P010,Toys,2,135.83,0.15,West
O1525,2024-08-22,C012,P009,Books,3,158.2,0.1,East
O1526,2024-06-07,C137,P034,Electronics,4,482.65,0.0,East
O1527,2023-11-24,C116,P049,Toys,1,102.19,0.05,South
O1528,2024-07-08,C196,P038,Clothing,2,31.27,0.05,South
O1529,2023-04-16,C111,P023,Toys,4,217.78,0.15,East
O1530,2024-08-10,C085,P026,Toys,3,131.77,0.05,North
O1531,2024-12-13,C179,P005,Toys,5,226.79,0.1,North
O1532,2024-10-21,C025,P046,Furniture,2,441.67,0.2,East
O1533,2024-01-22,C010,P037,Toys,2,132.6,0.05,South
O1534,2024-08-30,C199,P013,Clothing,4,289.06,0.0,South
O1535,2024-12-19,C040,P020,Furniture,4,22.72,0.15,South
O1536,2024-09-17,C035,P018,Clothing,3,46.53,0.0,North
O1537,2023-08-17,C031,P039,Books,3,307.08,0.1,North
O1538,2024-02-06,C185,P029,Clothing,1,174.37,0.2,South
O1539,2024-11-03,C068,P027,Toys,4,480.41,0.1,South
O1540,2024-07-24,C067,P016,Electronics,4,494.01,0.15,East
O1541,2023-12-31,C091,P020,Furniture,2,346.13,0.15,West
O1542,2024-05-25,C077,P014,Furniture,5,359.19,0.15,East
O1543,2023-04-21,C051,P049,Clothing,5,296.02,0.0,East
O1544,2024-08-16,C175,P037,Furniture,3,200.65,0.1,North
O1545,2024-07-23,C044,P039,Furniture,3,153.06,0.05,North
O1546,2024-02-10,C198,P010,Furniture,2,346.32,0.2,North
O1547,2024-05-09,C159,P006,Furniture,5,274.37,0.15,South
O1548,2023-04-03,C139,P021,Books,2,328.25,0.2,West
O1549,2024-06-12,C035,P036,Furniture,4,394.8,0.1,East
O1550,2024-11-05,C168,P041,Furniture,2,150.61,0.05,North
O1551,2023-11-25,C014,P015,Furniture,3,361.87,0.15,West
O1552,2024-11-21,C030,P002,Furniture,4,20.19,0.1,West
O1553,2023-06-27,C039,P030,Clothing,3,447.43,0.2,South
O1554,2024-07-06,C013,P009,Electronics,1,49.16,0.15,South
O1555,2023-12-15,C110,P048,Electronics,4,60.75,0.15,East
O1556,2024-12-25,C174,P021,Furniture,4,151.87,0.1,West
O1557,2024-04-13,C012,P042,Toys,1,172.18,0.2,North
O1558,2023-11-23,C178,P038,Furniture,3,401.09,0.05,West
O1559,2023-11-20,C062,P026,Furniture,2,100.45,0.0,South
O1560,2024-04-22,C118,P026,Furniture,1,178.36,0.15,West
O1561,2023-06-13,C025,P044,Books,2,55.52,0.2,West
O1562,2024-03-18,C068,P042,Clothing,4,117.32,0.1,West
O1563,2024-04-18,C013,P011,Books,3,286.46,0.05,South
O1564,2024-07-29,C121,P038,Books,2,295.85,0.0,East
O1565,2024-03-28,C200,P032,Furniture,3,234.28,0.0,South
O1566,2024-12-10,C142,P018,Furniture,4,339.61,0.2,East
O1567,2023-09-12,C020,P041,Toys,4,19.85,0.1,North
O1568,2024-12-15,C145,P041,Clothing,2,124.33,0.1,East
O1569,2023-03-20,C173,P011,Clothing,5,227.7,0.1,West
O1570,2024-01-07,C091,P049,Books,2,227.12,0.15,North
O1571,2024-10-15,C166,P048,Furniture,1,396.59,0.1,East
O1572,2024-03-04,C119,P030,Toys,5,412.03,0.05,West
O1573,2024-01-24,C113,P021,Electronics,5,98.41,0.0,West
O1574,2023-08-30,C181,P047,Furniture,5,38.41,0.2,East
O1575,2024-05-21,C164,P029,Clothing,2,368.39,0.05,South
O1576,2023-02-06,C119,P034,Furniture,2,176.31,0.15,North
O1577,2023-06-05,C038,P023,Furniture,3,163.99,0.15,South
O1578,2023-04-24,C178,P031,Toys,5,205.42,0.1,South
O1579,2023-03-12,C122,P032,Books,2,157.39,0.2,South
O1580,2023-05-29,C033,P031,Toys,5,135.94,0.1,East
O1581,2023-12-08,C187,P033,Books,1,26.54,0.2,South
O1582,2024-08-19,C165,P014,Books,3,347.67,0.15,West
O1583,2024-06-22,C028,P038,Electronics,1,50.55,0.05,South
O1584,2024-06-21,C045,P045,Electronics,4,481.95,0.1,South
O1585,2023-01-31,C185,P043,Toys,5,316.22,0.2,East
O1586,2023-01-17,C136,P020,Toys,4,204.55,0.05,West
O1587,2023-05-08,C167,P003,Clothing,5,265.36,0.1,North
O1588,2024-05-22,C154,P041,Toys,1,159.54,0.0,East
O1589,2024-07-11,C023,P021,Furniture,3,445.7,0.1,South
O1590,2023-03-14,C161,P014,Books,4,42.54,0.05,West
O1591,2024-02-16,C071,P050,Electronics,5,150.68,0.05,North
O1592,2023-05-03,C141,P048,Electronics,3,455.49,0.1,North
O1593,2024-09-01,C159,P013,Toys,2,276.14,0.2,West
O1594,2024-05-29,C193,P008,Books,1,275.32,0.0,East
O1595,2024-05-23,C134,P018,Books,3,317.92,0.0,East
O1596,2024-03-02,C144,P028,Toys,4,44.23,0.15,South
O1597,2023-10-22,C116,P002,Toys,5,161.43,0.15,South
O1598,2024-03-03,C194,P009,Books,5,192.69,0.0,South
O1599,2024-04-09,C123,P030,Clothing,3,435.93,0.2,North
O1600,2023-03-25,C139,P020,Electronics,5,128.71,0.0,North
O1601,2024-09-23,C081,P002,Electronics,2,487.49,0.15,East
O1602,2024-12-18,C053,P017,Toys,3,68.94,0.0,West
O1603,2024-06-11,C057,P015,Furniture,1,14.48,0.0,South
O1604,2023-11-26,C010,P020,Toys,3,320.95,0.05,South
O1605,2023-06-15,C108,P027,Furniture,4,305.56,0.15,East
O1606,2023-09-02,C195,P039,Toys,1,105.66,0.1,West
O1607,2023-03-19,C002,P046,Clothing,4,356.01,0.1,North
O1608,2023-10-01,C087,P009,Clothing,3,190.88,0.0,North
O1609,2023-05-28,C056,P044,Books,5,457.19,0.0,South
O1610,2023-06-15,C084,P032,Electronics,3,395.31,0.2,South
O1611,2024-01-27,C084,P050,Toys,5,225.0,0.2,East
O1612,2023-08-10,C062,P031,Clothing,4,496.71,0.15,North
O1613,2023-07-30,C159,P009,Books,2,74.54,0.2,South
O1614,2023-03-19,C060,P023,Furniture,2,306.39,0.1,North
O1615,2024-09-29,C061,P020,Furniture,1,425.5,0.05,North
O1616,2023-04-05,C051,P034,Toys,2,34.21,0.15,East
O1617,2023-12-05,C132,P047,Clothing,2,376.11,0.15,South
O1618,2023-09-01,C173,P018,Toys,3,284.6,0.05,West
O1619,2024-11-02,C063,P030,Furniture,1,378.18,0.1,East
O1620,2023-01-05,C041,P035,Books,4,29.95,0.2,East
O1621,2023-10-25,C165,P017,Electronics,1,443.65,0.1,East
O1622,2023-05-16,C090,P031,Furniture,3,285.46,0.1,West
O1623,2023-07-07,C146,P030,Clothing,2,424.96,0.15,South
O1624,2023-12-31,C126,P018,Furniture,3,158.45,0.2,North
O1625,2024-03-08,C150,P037,Toys,3,465.0,0.2,West
O1626,2023-01-16,C163,P020,Furniture,4,399.11,0.15,East
O1627,2023-05-03,C047,P021,Toys,5,443.05,0.15,North
O1628,2024-04-18,C050,P025,Clothing,5,485.43,0.15,East
O1629,2024-08-01,C130,P034,Furniture,3,348.25,0.15,North
O1630,2023-05-18,C167,P009,Clothing,4,316.4,0.15,South
O1631,2023-06-17,C109,P005,Clothing,1,72.93,0.05,West
O1632,2023-10-09,C164,P046,Books,5,95.99,0.0,West
O1633,2024-05-25,C167,P033,Books,3,78.56,0.2,West
O1634,2024-10-14,C181,P012,Electronics,5,10.23,0.1,West
O1635,2023-06-25,C106,P024,Toys,3,256.8,0.15,West
O1636,2023-06-27,C046,P020,Clothing,2,246.41,0.05,North
O1637,2023-11-29,C142,P005,Toys,1,433.07,0.2,South
O1638,2023-03-08,C173,P003,Clothing,1,99.61,0.0,North
O1639,2024-03-10,C136,P043,Clothing,3,126.31,0.05,West
O1640,2023-04-14,C166,P019,Electronics,3,371.16,0.1,East
O1641,2023-09-30,C057,P047,Electronics,5,410.84,0.15,East
O1642,2024-10-20,C155,P014,Books,1,471.01,0.15,East
O1643,2024-04-03,C171,P039,Electronics,1,227.5,0.2,East
O1644,2024-04-18,C063,P032,Furniture,5,269.83,0.15,East
O1645,2023-05-16,C188,P007,Electronics,2,212.44,0.15,South
O1646,2024-04-06,C130,P029,Electronics,4,270.68,0.2,South
O1647,2023-08-02,C175,P009,Electronics,2,393.61,0.0,South
O1648,2023-12-04,C045,P004,Books,5,116.23,0.0,West
O1649,2024-02-10,C142,P013,Clothing,2,484.62,0.2,West
O1650,2023-01-27,C189,P035,Clothing,2,60.19,0.2,East
O1651,2024-02-01,C024,P045,Toys,1,363.83,0.15,South
O1652,2024-10-21,C043,P003,Furniture,5,452.79,0.05,East
O1653,2023-11-23,C179,P007,Clothing,3,424.32,0.1,East
O1654,2024-05-19,C182,P008,Furniture,3,421.71,0.0,West
O1655,2024-12-24,C146,P018,Furniture,2,315.64,0.05,South
O1656,2024-10-28,C180,P005,Toys,3,177.94,0.15,South
O1657,2023-02-28,C074,P021,Books,1,252.86,0.2,East
O1658,2024-06-09,C011,P016,Electronics,1,49.78,0.1,North
O1659,2023-02-03,C040,P013,Furniture,4,37.36,0.1,North
O1660,2023-07-15,C086,P026,Books,4,185.81,0.1,North
O1661,2023-04-15,C159,P037,Electronics,5,429.68,0.1,North
O1662,2023-10-26,C120,P001,Furniture,5,125.96,0.1,West
O1663,2024-12-25,C175,P022,Clothing,5,224.4,0.2,East
O1664,2024-06-18,C071,P034,Furniture,4,61.29,0.1,South
O1665,2024-02-18,C133,P050,Toys,5,421.87,0.0,East
O1666,2024-10-05,C175,P028,Clothing,2,263.68,0.0,West
O1667,2024-07-11,C150,P028,Furniture,2,424.71,0.0,West
O1668,2024-10-02,C116,P012,Clothing,5,486.74,0.2,North
O1669,2024-03-17,C134,P020,Toys,1,53.91,0.15,North
O1670,2023-06-17,C138,P024,Electronics,4,376.64,0.0,West
O1671,2023-09-24,C130,P028,Clothing,2,180.11,0.15,South
O1672,2024-04-28,C072,P019,Books,4,333.32,0.05,North
O1673,2024-06-21,C130,P045,Clothing,3,399.87,0.2,East
O1674,2023-02-13,C026,P042,Toys,2,24.63,0.1,East
O1675,2023-12-10,C051,P047,Electronics,5,146.92,0.0,North
O1676,2024-12-14,C193,P007,Toys,4,109.04,0.0,North
O1677,2024-05-27,C183,P011,Electronics,5,447.12,0.2,North
O1678,2024-12-20,C146,P028,Books,1,192.69,0.0,South
O1679,2023-10-10,C074,P049,Electronics,4,367.99,0.2,South
O1680,2024-07-17,C195,P045,Toys,4,338.09,0.15,East
O1681,2023-12-26,C084,P046,Clothing,5,261.45,0.05,East
O1682,2024-02-16,C182,P029,Books,1,341.69,0.05,North
O1683,2023-04-23,C005,P033,Books,2,200.77,0.0,West
O1684,2024-05-19,C168,P047,Books,2,372.39,0.15,West
O1685,2024-10-13,C057,P032,Clothing,2,244.09,0.15,East
O1686,2023-04-16,C151,P041,Books,2,232.05,0.1,East
O1687,2024-11-07,C167,P028,Books,5,294.73,0.15,North
O1688,2024-01-13,C129,P013,Electronics,3,492.53,0.05,West
O1689,2024-06-25,C075,P046,Toys,3,84.55,0.1,North
O1690,2024-07-12,C067,P027,Electronics,1,287.98,0.15,East
O1691,2024-05-02,C026,P005,Furniture,5,57.61,0.15,North
O1692,2023-06-08,C096,P024,Clothing,1,284.02,0.05,South
O1693,2024-05-12,C127,P038,Toys,4,271.43,0.0,South
O1694,2023-11-27,C194,P017,Furniture,2,71.34,0.1,East
O1695,2024-01-15,C180,P030,Furniture,2,173.73,0.2,East
O1696,2023-01-24,C043,P024,Furniture,1,327.62,0.05,East
O1697,2024-08-29,C107,P050,Electronics,4,157.5,0.1,South
O1698,2024-05-20,C087,P022,Electronics,3,56.95,0.15,North
O1699,2024-08-14,C165,P046,Electronics,1,164.11,0.0,North
O1700,2023-03-07,C079,P045,Furniture,3,230.8,0.15,South
O1701,2023-02-24,C037,P024,Books,4,230.32,0.15,North
O1702,2024-10-28,C051,P036,Electronics,5,413.91,0.15,West
O1703,2024-06-11,C029,P032,Electronics,4,88.89,0.05,East
O1704,2024-02-26,C002,P005,Toys,2,475.36,0.2,West
O1705,2024-09-20,C189,P037,Toys,1,25.37,0.2,North
O1706,2023-10-08,C050,P010,Furniture,5,58.98,0.1,West
O1707,2023-06-15,C159,P009,Clothing,4,440.92,0.1,West
O1708,2024-10-18,C033,P046,Electronics,3,216.3,0.1,North
O1709,2023-06-02,C100,P007,Clothing,5,303.52,0.1,North
O1710,2023-03-10,C137,P028,Electronics,2,405.17,0.2,South
O1711,2024-11-16,C004,P011,Clothing,5,167.59,0.05,West
O1712,2024-08-16,C164,P020,Electronics,1,432.59,0.0,North
O1713,2023-02-22,C082,P044,Books,2,39.56,0.0,East
O1714,2024-01-17,C178,P046,Clothing,1,269.31,0.1,South
O1715,2024-03-08,C191,P018,Books,1,140.99,0.05,North
O1716,2024-01-18,C187,P024,Clothing,3,113.64,0.2,West
O1717,2024-09-08,C142,P015,Electronics,4,76.07,0.0,East
O1718,2023-09-29,C195,P018,Clothing,3,270.6,0.05,South
O1719,2024-04-25,C053,P036,Clothing,5,188.02,0.15,North
O1720,2024-02-10,C045,P035,Furniture,1,452.51,0.0,North
O1721,2023-02-20,C080,P027,Toys,1,386.2,0.05,East
O1722,2023-06-26,C036,P018,Toys,2,185.67,0.05,South
O1723,2023-08-16,C111,P044,Furniture,5,472.14,0.1,East
O1724,2023-10-24,C133,P049,Clothing,4,494.64,0.1,South
O1725,2024-04-16,C169,P002,Books,4,370.2,0.0,West
O1726,2023-12-08,C179,P030,Furniture,5,103.67,0.0,North
O1727,2024-10-27,C099,P017,Electronics,2,56.27,0.05,North
O1728,2023-04-27,C116,P033,Furniture,1,274.44,0.0,South
O1729,2023-06-25,C077,P007,Toys,3,59.85,0.15,East
O1730,2024-10-11,C188,P041,Furniture,3,49.8,0.1,East
O1731,2023-05-27,C032,P018,Clothing,5,128.63,0.1,East
O1732,2024-06-05,C129,P031,Books,4,101.24,0.0,North
O1733,2024-09-23,C066,P045,Clothing,5,58.87,0.0,West
O1734,2023-04-27,C088,P049,Books,5,388.98,0.15,South
O1735,2024-09-24,C030,P007,Electronics,3,427.52,0.15,South
O1736,2023-07-30,C050,P009,Clothing,5,180.97,0.0,West
O1737,2024-09-30,C139,P011,Books,5,218.48,0.05,North
O1738,2024-09-09,C190,P026,Electronics,2,118.93,0.0,West
O1739,2023-08-21,C168,P008,Furniture,4,90.49,0.2,West
O1740,2023-07-01,C096,P009,Electronics,1,77.94,0.2,North
O1741,2023-11-06,C015,P035,Electronics,4,90.85,0.0,South
O1742,2023-08-07,C031,P014,Books,1,77.5,0.0,East
O1743,2024-05-01,C065,P044,Furniture,3,483.62,0.2,East
O1744,2023-09-24,C129,P004,Electronics,4,482.97,0.1,South
O1745,2023-07-30,C092,P005,Toys,3,92.82,0.2,West
O1746,2024-03-04,C076,P021,Clothing,5,447.49,0.15,North
O1747,2023-01-21,C147,P033,Electronics,2,116.01,0.0,West
O1748,2023-07-29,C004,P002,Toys,2,61.49,0.2,South
O1749,2023-04-30,C028,P048,Toys,3,340.53,0.2,North
O1750,2024-04-02,C094,P047,Electronics,4,297.6,0.1,North
O1751,2024-09-03,C074,P022,Furniture,3,357.35,0.0,South
O1752,2023-06-06,C132,P048,Clothing,2,151.18,0.05,West
O1753,2024-10-03,C171,P047,Toys,4,24.52,0.05,East
O1754,2023-09-16,C157,P019,Clothing,3,438.72,0.2,West
O1755,2024-04-27,C048,P036,Toys,4,21.4,0.05,West
O1756,2023-06-17,C109,P037,Books,1,332.74,0.1,North
O1757,2023-01-03,C060,P025,Clothing,2,122.66,0.2,West
O1758,2023-11-19,C010,P021,Books,1,46.3,0.0,North
O1759,2024-12-11,C055,P048,Electronics,4,269.2,0.0,West
O1760,2023-08-31,C080,P049,Electronics,3,253.12,0.1,South
O1761,2023-08-19,C041,P006,Electronics,2,153.08,0.2,West
O1762,2024-11-17,C073,P022,Toys,4,49.32,0.1,South
O1763,2023-07-14,C169,P004,Furniture,3,473.42,0.15,East
O1764,2023-05-21,C156,P037,Electronics,4,175.02,0.15,West
O1765,2023-10-07,C127,P011,Clothing,5,442.53,0.2,South
O1766,2024-03-07,C038,P026,Books,4,221.72,0.0,North
O1767,2024-06-05,C136,P019,Electronics,3,355.21,0.05,North
O1768,2023-01-06,C010,P002,Toys,4,381.95,0.05,North
O1769,2024-01-16,C066,P031,Clothing,1,399.55,0.05,South
O1770,2023-07-17,C025,P008,Electronics,2,214.22,0.15,South
O1771,2023-10-04,C072,P024,Electronics,3,153.59,0.1,West
O1772,2023-09-28,C001,P044,Toys,1,272.06,0.05,South
O1773,2023-03-29,C022,P050,Clothing,1,354.4,0.0,West
O1774,2024-03-01,C037,P014,Books,5,475.59,0.0,West
O1775,2024-05-04,C010,P036,Books,1,291.46,0.05,North
O1776,2024-12-22,C077,P028,Books,1,125.84,0.1,West
O1777,2023-05-09,C065,P005,Clothing,3,33.83,0.2,South
O1778,2024-02-17,C170,P038,Toys,1,446.49,0.0,North
O1779,2024-08-22,C163,P012,Furniture,2,14.97,0.1,West
O1780,2024-08-19,C089,P047,Electronics,5,194.88,0.1,South
O1781,2024-12-14,C097,P023,Clothing,5,319.14,0.2,South
O1782,2024-08-13,C087,P032,Clothing,1,20.04,0.0,North
O1783,2023-03-10,C089,P013,Furniture,1,243.16,0.05,West
O1784,2024-04-29,C168,P026,Books,1,206.85,0.0,West
O1785,2023-04-21,C185,P031,Toys,4,338.82,0.1,East
O1786,2023-10-19,C003,P012,Furniture,3,382.63,0.05,South
O1787,2024-03-25,C115,P049,Books,1,421.2,0.15,East
O1788,2024-04-07,C069,P016,Electronics,2,268.14,0.0,South
O1789,2024-06-01,C197,P022,Clothing,1,499.56,0.0,West
O1790,2023-10-14,C104,P018,Books,2,43.36,0.0,South
O1791,2024-07-28,C148,P027,Books,5,42.35,0.15,South
O1792,2023-12-13,C110,P002,Books,3,131.04,0.0,East
O1793,2023-09-17,C047,P019,Books,2,400.13,0.1,East
O1794,2023-01-30,C006,P006,Books,4,72.96,0.1,East
O1795,2024-07-03,C162,P038,Books,1,396.06,0.1,East
O1796,2023-12-02,C129,P036,Clothing,5,433.61,0.1,East
O1797,2023-03-18,C133,P030,Toys,3,182.58,0.1,West
O1798,2023-12-03,C176,P045,Clothing,1,34.73,0.05,South
O1799,2023-03-21,C063,P036,Toys,1,368.15,0.2,West
O1800,2024-02-27,C078,P012,Furniture,3,356.77,0.15,West
O1801,2024-04-19,C112,P002,Clothing,5,184.14,0.2,North
O1802,2023-04-18,C073,P036,Clothing,1,84.13,0.2,West
O1803,2023-07-23,C192,P008,Books,5,476.13,0.15,East
O1804,2023-07-22,C055,P025,Clothing,4,282.05,0.0,South
O1805,2024-05-16,C053,P033,Clothing,2,308.85,0.2,South
O1806,2023-06-17,C139,P019,Books,5,265.36,0.1,East
O1807,2024-01-17,C066,P037,Toys,1,158.74,0.1,East
O1808,2023-03-06,C043,P007,Electronics,1,254.2,0.05,South
O1809,2023-10-08,C145,P040,Toys,5,214.24,0.15,East
O1810,2024-04-18,C060,P010,Toys,2,423.03,0.1,West
O1811,2024-03-06,C188,P028,Books,2,58.64,0.1,East
O1812,2024-08-09,C017,P031,Books,1,210.52,0.05,East
O1813,2024-02-27,C178,P017,Clothing,3,197.42,0.05,North
O1814,2024-02-28,C196,P042,Books,5,65.81,0.2,South
O1815,2023-01-20,C143,P016,Electronics,3,199.98,0.05,South
O1816,2024-05-18,C116,P041,Books,5,38.75,0.1,East
O1817,2024-05-11,C168,P024,Clothing,2,105.32,0.2,North
O1818,2023-09-22,C012,P001,Electronics,2,89.25,0.0,South
O1819,2023-07-13,C141,P042,Clothing,2,297.27,0.05,East
O1820,2023-11-15,C017,P043,Books,1,411.99,0.0,West
O1821,2024-10-21,C068,P002,Furniture,1,466.47,0.05,South
O1822,2024-10-18,C055,P034,Books,2,138.1,0.05,West
O1823,2023-03-23,C020,P040,Clothing,4,239.19,0.2,North
O1824,2024-03-22,C197,P010,Furniture,1,191.34,0.15,South
O1825,2023-12-20,C044,P019,Books,2,306.47,0.2,North
O1826,2023-06-12,C184,P002,Electronics,3,473.39,0.15,South
O1827,2024-09-10,C068,P050,Electronics,4,205.0,0.05,South
O1828,2023-10-08,C148,P030,Clothing,1,314.17,0.15,North
O1829,2024-12-14,C072,P034,Electronics,2,286.05,0.0,East
O1830,2024-10-22,C134,P024,Toys,5,323.52,0.1,West
O1831,2023-03-07,C190,P011,Books,3,377.56,0.05,West
O1832,2024-03-05,C051,P012,Clothing,5,401.15,0.1,South
O1833,2024-02-02,C017,P001,Furniture,1,105.19,0.05,North
O1834,2024-02-20,C164,P039,Clothing,5,240.91,0.0,North
O1835,2023-10-20,C106,P050,Electronics,3,306.16,0.15,North
O1836,2024-06-29,C131,P035,Toys,2,91.31,0.0,West
O1837,2023-11-26,C136,P001,Clothing,4,323.42,0.2,East
O1838,2024-05-01,C138,P019,Toys,3,339.72,0.2,South
O1839,2023-08-27,C015,P032,Clothing,1,171.34,0.2,South
O1840,2024-10-30,C133,P004,Clothing,1,229.51,0.1,North
O1841,2023-09-02,C116,P007,Toys,2,250.34,0.1,East
O1842,2023-08-24,C038,P033,Electronics,1,324.55,0.0,East
O1843,2024-03-26,C148,P028,Books,2,44.15,0.0,South
O1844,2024-09-28,C154,P050,Furniture,2,427.35,0.0,South
O1845,2024-01-01,C029,P042,Books,4,472.68,0.05,West
O1846,2023-01-30,C131,P044,Furniture,5,329.68,0.0,North
O1847,2024-11-15,C179,P026,Electronics,2,132.92,0.1,East
O1848,2024-11-18,C162,P032,Electronics,2,352.36,0.1,West
O1849,2024-04-19,C172,P027,Books,3,324.43,0.2,North
O1850,2024-10-08,C153,P009,Books,4,199.89,0.2,East
O1851,2023-04-20,C185,P049,Clothing,2,311.48,0.15,East
O1852,2024-03-28,C072,P034,Clothing,2,405.35,0.2,South
O1853,2023-08-21,C120,P002,Clothing,4,395.09,0.05,South
O1854,2024-02-10,C154,P026,Clothing,3,474.17,0.05,East
O1855,2024-11-12,C071,P021,Toys,3,244.93,0.05,South
O1856,2024-07-02,C069,P031,Clothing,2,240.16,0.05,West
O1857,2023-06-09,C164,P038,Toys,1,336.39,0.2,West
O1858,2024-09-07,C060,P029,Books,1,372.07,0.05,North
O1859,2024-11-10,C133,P047,Furniture,5,487.68,0.05,North
O1860,2024-02-29,C113,P026,Furniture,1,77.99,0.05,East
O1861,2024-03-25,C122,P037,Electronics,2,497.92,0.05,North
O1862,2023-09-25,C167,P022,Books,1,280.68,0.15,North
O1863,2023-09-05,C172,P032,Electronics,3,52.73,0.1,North
O1864,2024-05-17,C059,P005,Books,3,144.45,0.05,South
O1865,2023-10-27,C101,P025,Furniture,2,110.11,0.2,North
O1866,2023-07-31,C038,P036,Clothing,1,87.87,0.0,West
O1867,2024-06-03,C010,P039,Electronics,4,227.62,0.1,South
O1868,2023-06-12,C017,P006,Furniture,1,347.67,0.2,North
O1869,2024-01-26,C174,P017,Electronics,4,44.02,0.05,South
O1870,2023-12-06,C138,P017,Electronics,1,35.31,0.0,South
O1871,2023-02-10,C181,P022,Books,2,35.64,0.1,North
O1872,2024-02-17,C176,P038,Clothing,4,73.16,0.15,North
O1873,2023-10-06,C071,P028,Books,5,165.46,0.1,South
O1874,2024-04-27,C092,P018,Books,4,126.41,0.2,East
O1875,2023-09-21,C014,P016,Electronics,4,86.01,0.05,South
O1876,2024-06-10,C140,P004,Electronics,3,100.06,0.15,South
O1877,2024-01-24,C189,P044,Electronics,3,304.72,0.1,South
O1878,2023-10-14,C005,P007,Clothing,3,343.9,0.15,East
O1879,2023-03-29,C126,P038,Books,2,124.06,0.1,West
O1880,2023-07-28,C189,P004,Electronics,5,20.1,0.0,West
O1881,2023-09-11,C116,P047,Electronics,5,498.35,0.1,East
O1882,2024-06-05,C081,P016,Furniture,3,113.62,0.05,East
O1883,2023-12-19,C080,P030,Clothing,2,163.57,0.0,West
O1884,2024-04-09,C176,P025,Books,2,204.42,0.2,South
O1885,2023-05-08,C083,P031,Toys,2,302.14,0.2,West
O1886,2023-08-23,C024,P005,Furniture,3,126.15,0.2,South
O1887,2023-06-18,C119,P037,Furniture,1,32.65,0.15,South
O1888,2024-01-06,C108,P017,Clothing,1,321.16,0.0,North
O1889,2023-04-11,C001,P019,Books,3,197.47,0.1,North
O1890,2024-03-12,C177,P039,Furniture,3,318.18,0.1,West
O1891,2024-01-20,C075,P043,Furniture,4,111.05,0.05,North
O1892,2024-08-02,C034,P010,Clothing,5,130.76,0.05,North
O1893,2024-04-03,C071,P035,Toys,1,85.59,0.15,East
O1894,2024-01-27,C136,P036,Books,2,334.35,0.1,East
O1895,2024-03-17,C131,P044,Books,5,87.51,0.0,South
O1896,2024-04-07,C008,P029,Furniture,4,361.28,0.2,South
O1897,2024-08-28,C048,P037,Clothing,2,178.66,0.0,East
O1898,2023-09-25,C141,P019,Clothing,2,25.24,0.05,South
O1899,2023-10-09,C015,P012,Electronics,5,217.92,0.15,West
O1900,2023-09-04,C045,P024,Toys,5,245.98,0.0,East
O1901,2024-03-05,C180,P014,Furniture,1,70.19,0.1,West
O1902,2024-06-09,C175,P047,Books,3,338.85,0.0,West
O1903,2024-02-15,C148,P008,Books,1,169.59,0.2,East
O1904,2023-05-31,C125,P014,Books,5,45.03,0.2,West
O1905,2024-05-21,C086,P047,Electronics,3,421.56,0.0,South
O1906,2024-01-11,C108,P027,Electronics,1,459.28,0.15,West
O1907,2023-02-11,C067,P015,Electronics,3,184.2,0.15,West
O1908,2023-05-24,C115,P009,Clothing,1,19.54,0.0,West
O1909,2023-08-27,C181,P040,Furniture,5,187.06,0.15,North
O1910,2024-02-20,C158,P042,Books,4,117.48,0.2,North
O1911,2023-06-01,C134,P014,Books,1,174.11,0.2,East
O1912,2023-09-16,C112,P025,Furniture,5,104.16,0.15,East
O1913,2024-01-19,C075,P010,Electronics,1,353.84,0.1,East
O1914,2023-08-23,C090,P036,Clothing,3,114.16,0.15,East
O1915,2023-02-28,C100,P039,Clothing,5,372.86,0.0,South
O1916,2024-11-23,C054,P027,Furniture,2,180.88,0.1,South
O1917,2023-09-14,C074,P006,Books,1,207.95,0.2,East
O1918,2023-12-24,C004,P027,Clothing,5,280.67,0.05,North
O1919,2024-07-24,C001,P026,Electronics,4,293.87,0.05,East
O1920,2023-11-21,C161,P019,Clothing,5,107.08,0.1,West
O1921,2024-11-10,C067,P035,Clothing,1,84.19,0.15,West
O1922,2024-06-24,C026,P048,Toys,1,347.57,0.0,South
O1923,2023-08-24,C078,P017,Books,5,49.7,0.0,East
O1924,2023-10-07,C110,P029,Furniture,3,84.49,0.2,East
O1925,2023-01-25,C160,P046,Electronics,4,430.66,0.15,East
O1926,2023-03-07,C148,P003,Clothing,5,187.61,0.05,East
O1927,2024-08-28,C081,P014,Furniture,5,140.6,0.15,North
O1928,2023-01-21,C103,P008,Toys,5,389.86,0.15,North
O1929,2023-07-31,C006,P021,Clothing,2,111.11,0.2,South
O1930,2023-10-11,C091,P050,Electronics,4,347.61,0.2,West
O1931,2024-06-09,C150,P024,Electronics,2,16.64,0.15,North
O1932,2024-03-29,C004,P042,Electronics,1,72.47,0.2,East
O1933,2024-04-21,C173,P026,Clothing,4,466.89,0.15,East
O1934,2024-05-10,C129,P050,Books,1,233.35,0.1,West
O1935,2023-10-30,C150,P035,Furniture,3,128.73,0.0,North
O1936,2024-09-20,C120,P017,Clothing,2,357.87,0.05,North
O1937,2024-09-15,C079,P021,Furniture,2,298.86,0.15,West
O1938,2023-03-29,C199,P038,Electronics,5,93.48,0.0,West
O1939,2023-02-08,C113,P028,Electronics,1,199.83,0.1,South
O1940,2023-12-23,C064,P047,Books,3,166.81,0.2,West
O1941,2024-01-12,C113,P015,Clothing,2,280.45,0.05,South
O1942,2023-09-19,C146,P032,Clothing,1,334.88,0.0,East
O1943,2024-09-09,C156,P042,Books,5,119.81,0.15,East
O1944,2024-03-03,C072,P015,Clothing,5,75.58,0.05,East
O1945,2023-03-01,C108,P004,Electronics,4,431.22,0.2,South
O1946,2024-03-09,C014,P020,Books,3,159.68,0.05,West
O1947,2024-05-25,C013,P033,Books,2,176.96,0.1,South
O1948,2024-04-15,C012,P038,Clothing,5,81.25,0.2,South
O1949,2023-03-25,C012,P026,Clothing,4,252.28,0.0,North
O1950,2024-05-03,C129,P017,Books,3,383.84,0.1,East
O1951,2023-02-01,C100,P049,Furniture,3,307.82,0.1,West
O1952,2023-08-12,C004,P029,Furniture,2,485.43,0.0,South
O1953,2023-07-10,C199,P008,Clothing,4,484.29,0.15,South
O1954,2024-05-23,C099,P043,Electronics,5,131.64,0.2,South
O1955,2024-02-25,C085,P001,Toys,1,425.59,0.2,East
O1956,2023-01-10,C002,P044,Books,5,362.56,0.0,East
O1957,2023-10-20,C099,P007,Toys,1,285.87,0.2,North
O1958,2023-06-16,C118,P025,Clothing,1,23.83,0.1,South
O1959,2023-10-12,C005,P049,Books,4,109.23,0.1,North
O1960,2023-05-18,C161,P005,Books,3,275.45,0.1,East
O1961,2023-12-20,C179,P038,Furniture,3,377.81,0.2,West
O1962,2023-08-26,C024,P039,Electronics,5,215.85,0.2,West
O1963,2023-05-14,C113,P048,Toys,1,115.98,0.15,East
O1964,2024-09-11,C157,P020,Clothing,1,208.93,0.0,East
O1965,2024-07-27,C066,P050,Clothing,1,274.27,0.1,East
O1966,2024-09-06,C073,P035,Toys,3,283.48,0.15,North
O1967,2023-01-31,C100,P001,Electronics,2,151.26,0.2,West
O1968,2024-09-13,C094,P045,Toys,2,380.16,0.1,West
O1969,2023-11-30,C173,P034,Clothing,1,450.83,0.1,South
O1970,2024-07-01,C023,P028,Toys,3,424.59,0.05,East
O1971,2024-11-04,C047,P022,Toys,3,160.54,0.05,South
O1972,2023-06-15,C185,P035,Clothing,2,344.83,0.2,North
O1973,2024-05-28,C073,P048,Furniture,3,94.21,0.0,East
O1974,2023-07-07,C039,P042,Clothing,2,318.34,0.15,East
O1975,2024-01-22,C026,P042,Electronics,5,129.9,0.15,East
O1976,2023-10-29,C066,P038,Clothing,5,210.19,0.2,South
O1977,2024-04-06,C079,P015,Furniture,4,211.57,0.05,East
O1978,2023-03-05,C096,P005,Furniture,3,295.37,0.1,South
O1979,2023-02-04,C041,P004,Furniture,1,40.84,0.2,South
O1980,2023-03-30,C010,P031,Electronics,1,309.08,0.0,North
O1981,2023-08-18,C174,P003,Furniture,1,394.53,0.05,South
O1982,2023-09-05,C042,P011,Toys,4,259.03,0.2,North
O1983,2024-11-03,C081,P033,Furniture,4,284.99,0.15,East
O1984,2023-10-13,C194,P026,Books,2,498.38,0.2,South
O1985,2023-04-08,C177,P038,Clothing,3,320.91,0.15,East
O1986,2024-06-20,C173,P012,Toys,5,44.13,0.0,North
O1987,2023-08-27,C066,P045,Electronics,5,340.81,0.0,North
O1988,2023-09-29,C139,P044,Electronics,3,173.65,0.15,North
O1989,2023-07-03,C020,P009,Furniture,4,238.32,0.05,South
O1990,2023-05-02,C052,P016,Electronics,3,89.0,0.1,East
O1991,2023-11-17,C170,P008,Books,3,405.94,0.15,North
O1992,2023-12-23,C057,P014,Clothing,3,498.84,0.1,South
O1993,2024-11-14,C008,P007,Clothing,5,166.14,0.1,North
O1994,2024-01-10,C028,P021,Clothing,2,274.23,0.0,West
O1995,2024-11-22,C027,P009,Clothing,2,374.9,0.0,North
O1996,2024-01-21,C184,P006,Electronics,5,311.03,0.1,North
O1997,2024-04-26,C109,P023,Electronics,4,255.31,0.15,West
O1998,2024-09-28,C062,P006,Electronics,2,359.9,0.05,East
O1999,2024-11-05,C187,P014,Electronics,5,326.39,0.1,East
